{"weights": [[-0.014426594849708768, -0.6542017736377632, -0.3000188023773037, 0.3527874451909393, 0.08215689822102822, 0.24623393423052944, -0.29911035791537083, -0.4872030456850371, 0.10652372955590272, 0.49934284793736516], [0.3296268415557534, 0.7826709414472891, -0.7065198204288184, 0.2282229035352205, -0.5515876007684603, -0.5876205734980713, 0.06991444323539876, 0.10054548169713366, 0.03181539187519946, -0.5550391138803435], [-0.7698067282831897, 0.43552366424422995, -0.2682259825437901, 0.03015556114154625, 0.5749133169439372, 0.5153226888919582, -0.4656487163382984, -0.22892783502246325, 0.4754136359747549, -0.6168911339562771], [-0.17769293976448078, -0.39185344553830587, 0.6565974786363876, -0.637328731355368, -0.3301836804742823, -0.32575161227324373, 0.3626134838259692, 0.35325932494357437, -0.3201280315076815, -0.009596656125432007]], "biases": [-0.03697231561020525, -0.0440426211387595, -0.10035507546904844, 0.027741956178898013]}