{"weights": [[0.11371806736413351, -0.3357569378377364, -0.12617805407877444, 0.16175670180308319, -0.0085926667079432, 0.34332863302589073, -0.37533745080358877, -0.4205869307396301, -0.16426773806434528, 0.3874644704571769], [0.3442035681221491, 0.5384078671867756, -0.7032664107037754, 0.17429657678698818, -0.3444027211935275, -0.6230775009169615, 0.14566158365488127, 0.15515141875135463, 0.00610590780882164, -0.3971039521453355], [-0.7239499211693063, 0.25478210702914317, -0.12121923348152083, 0.06769950658238405, 0.47620172394999255, 0.27259292714096667, -0.3158052004744878, -0.34605179951290266, 0.56452883298802, -0.3698007757073658], [-0.18674968981637294, -0.3719621152180277, 0.541515482545676, -0.5547119472445294, -0.1811675032477153, -0.21706282357673248, 0.27154034619217643, 0.3443094828942389, -0.30387175070566164, -0.1036465028010061]], "biases": [-0.0013724146735699524, -0.036891463021451, -0.08960927308714531, 0.03643439270675105]}