{"weights": [[-0.014426594849708749, -0.6542017736377636, -0.30001880237730383, 0.35278744519093946, 0.08215689822102826, 0.2462339342305296, -0.29911035791537083, -0.4872030456850369, 0.10652372955590271, 0.49934284793736494], [0.32962684155575306, 0.7826709414472898, -0.7065198204288184, 0.2282229035352207, -0.5515876007684601, -0.5876205734980715, 0.06991444323539883, 0.10054548169713348, 0.03181539187519901, -0.5550391138803434], [-0.7698067282831896, 0.4355236642442301, -0.2682259825437898, 0.030155561141546303, 0.5749133169439373, 0.5153226888919582, -0.4656487163382986, -0.22892783502246322, 0.47541363597475456, -0.6168911339562774], [-0.17769293976448103, -0.3918534455383057, 0.6565974786363873, -0.6373287313553682, -0.3301836804742822, -0.32575161227324356, 0.3626134838259694, 0.3532593249435744, -0.3201280315076815, -0.009596656125432115]], "biases": [-0.03697231561020521, -0.04404262113875945, -0.10035507546904866, 0.02774195617889803]}